subject,trial,session_pitch,throwing_hand,pitch_speed_mph,body_mass_kg,height_m,release_time_s,lead_foot_contact_time_s,shoulder_ir_moment_peak_Nm,shoulder_ir_moment_peak_time_s,elbow_varus_moment_peak_Nm,elbow_varus_moment_peak_time_s,shoulder_distraction_force_peak_N,shoulder_moment_norm_peak_Nm,elbow_moment_norm_peak_Nm,shoulder_force_norm_peak_N,elbow_force_norm_peak_N,rear_hip_moment_peak_Nm,rear_knee_moment_peak_Nm,rear_ankle_moment_peak_Nm,lead_hip_moment_peak_Nm,lead_knee_moment_peak_Nm,lead_ankle_moment_peak_Nm,lumbar_moment_peak_Nm,trunk_closure_residual_fraction,unmatched_plate_frames,flag,obp_shoulder_ir_moment_Nm,obp_elbow_varus_moment_Nm
000072,000072_002996_76_229_001_FF_889,2996_1,R,88.9000,103.8744,1.9304,1.3917,1.2250,172.5881,1.3444,180.8472,1.3417,1763.3017,388.1548,185.0975,1920.4249,1728.7991,181.2663,153.2179,72.9590,438.3075,226.8923,206.3961,446.2686,0.1638,171,,161.1478,177.9026
000072,000072_002996_76_229_005_FF_894,2996_2,R,89.4000,103.8744,1.9304,1.3694,1.2083,175.9275,1.3194,182.0605,1.3167,1836.7576,424.5132,203.2903,1990.9678,1739.6442,174.3879,199.1959,80.7626,458.5346,209.0396,181.3430,392.6996,0.1441,179,,171.7355,190.7178
000072,000072_002996_76_229_006_FF_887,2996_3,R,88.7000,103.8744,1.9304,1.3750,1.2194,183.7543,1.3222,189.5142,1.3750,1794.1514,422.0387,201.7998,1937.5053,1730.4920,221.2073,54.1570,28.3434,462.2116,227.6035,183.4757,471.8832,0.1423,198,,181.4586,199.9297
000072,000072_002996_76_229_007_FF_863,2996_4,R,86.3000,103.8744,1.9304,1.3333,1.1500,162.2529,1.2833,167.1381,1.2806,1668.6156,389.9893,174.9851,1816.9837,1595.8855,292.0601,183.9777,78.5003,403.0398,244.8210,246.0140,519.0571,0.1998,194,,162.5005,178.7209
000090,000090_003044_74_253_002_FF_871,3044_1,R,87.1000,114.7608,1.8796,1.6250,1.4222,116.2172,1.5889,114.5315,1.5806,1582.4600,231.9971,115.1688,1671.4382,1694.0403,498.5692,189.2831,127.7591,388.5865,314.8943,63.5400,548.5846,0.2273,8,,117.5145,120.3580
000090,000090_003044_74_253_003_FF_873,3044_2,R,87.3000,114.7608,1.8796,1.7000,1.4917,107.8242,1.6611,115.0608,1.6556,1602.1690,287.3746,115.6253,1613.6499,1646.0329,468.1324,183.4054,135.6701,383.2378,330.6070,67.0557,516.6997,0.2626,8,,109.3725,110.5606
000090,000090_003044_74_253_004_FF_878,3044_3,R,87.8000,114.7608,1.8796,1.6250,1.4361,120.3329,1.5833,120.5761,1.5778,1728.3502,273.0924,121.0757,1783.3762,1760.4028,433.5075,201.4955,98.0987,468.7324,249.1701,55.1351,531.4533,0.2685,8,,122.5288,125.2786
000090,000090_003044_74_253_005_FF_878,3044_4,R,87.8000,114.7608,1.8796,1.9639,1.7528,115.2941,1.9222,117.9620,1.9194,1741.7834,261.5428,118.5760,1820.3241,1770.8431,508.8104,199.1838,134.3060,414.2153,318.2495,71.9099,568.9079,0.3063,7,,118.7634,121.8823
000090,000090_003044_74_253_006_FF_878,3044_5,R,87.8000,114.7608,1.8796,2.0861,1.8694,106.9918,2.0472,112.4329,2.0417,1529.1533,256.6410,112.5913,1615.3148,1665.3621,469.1462,198.8365,142.4715,404.2064,307.2871,62.8199,473.9973,0.2869,8,,109.9357,109.3332
000511,000511_001688_78_235_003_FF_931,1688_1,R,93.1000,106.5960,1.9812,1.6639,1.4889,127.0893,1.6444,116.7717,1.6167,1340.7837,244.7353,120.9743,1429.3278,1618.9740,320.8241,330.2638,131.5006,380.5735,176.5816,87.8475,434.6116,0.3003,44,,122.8980,128.5671
000511,000511_001688_78_235_004_FF_914,1688_2,R,91.4000,106.5960,1.9812,1.5694,1.4139,118.0756,1.5528,113.0672,1.5833,1364.8045,249.5748,115.4052,1459.4408,1579.9029,331.7443,320.5090,118.7998,426.6084,131.1936,101.6969,472.2165,0.2609,13,,116.3486,122.3966
000538,000538_001808_72_217_002_FF_811,1808_1,R,81.1000,98.4312,1.8288,1.3667,1.2111,99.8977,1.3278,96.4752,1.3194,1186.7112,199.5449,100.3023,1239.7283,1324.5456,484.0809,349.8947,131.3603,310.6347,245.9206,154.5253,429.5766,0.3303,35,,98.3314,101.2425
000538,000538_001808_72_217_003_FF_808,1808_2,R,80.8000,98.4312,1.8288,1.2389,1.0861,101.1994,1.2028,96.6436,1.1917,1203.8517,196.2500,103.0704,1270.4011,1347.7020,506.0168,376.5541,132.8519,291.2661,243.1551,158.3840,443.6243,0.3526,35,,99.6530,102.2399
000538,000538_001808_72_217_004_FF_813,1808_3,R,81.3000,98.4312,1.8288,1.2556,1.1056,100.7403,1.2167,95.7782,1.2056,1188.6341,189.6074,100.3674,1247.4279,1310.6304,506.6406,364.6273,123.1473,314.5328,227.9845,169.2909,468.2252,0.3321,36,,101.0514,104.0050
000538,000538_001808_72_217_005_FF_812,1808_4,R,81.2000,98.4312,1.8288,1.1583,1.0083,100.6134,1.1306,97.0870,1.1083,1161.1870,182.1539,102.3668,1217.8480,1310.1823,442.6354,349.8540,127.2733,322.6642,245.4082,160.3541,466.4972,0.3174,34,,98.7244,103.4488
000538,000538_001808_72_217_008_FF_812,1808_5,R,81.2000,98.4312,1.8288,1.2056,1.0611,100.1564,1.1667,96.0026,1.1583,1192.5265,201.0996,104.7412,1267.0176,1337.9986,512.9872,374.0720,123.5249,304.1030,211.5592,156.4648,502.0407,0.3656,35,,98.1326,101.8641
000560,000560_001779_79_228_001_FF_837,1779_1,L,83.7000,103.4208,2.0066,1.1056,0.9250,135.5409,1.0694,129.5494,1.0667,1350.5469,277.5198,133.5182,1443.3054,1634.4079,374.7090,352.0880,139.0141,450.1879,289.1962,55.6488,429.3667,0.2177,2,,137.5207,142.3375
000560,000560_001779_79_228_005_FF_852,1779_2,L,85.2000,103.4208,2.0066,1.0583,0.8861,133.8773,1.0194,129.0385,1.0167,1321.1098,248.5154,129.1682,1413.1572,1655.0371,376.5552,341.8087,132.5404,436.5220,241.9039,52.4275,438.1718,0.2377,0,,138.6057,142.2393
000560,000560_001779_79_228_006_FF_835,1779_3,L,83.5000,103.4208,2.0066,1.0917,0.8972,128.0890,1.0556,123.2683,1.0500,1351.6695,286.7129,136.4992,1445.7471,1657.3863,367.0737,342.0914,144.9961,450.5875,287.1854,90.3266,434.9368,0.2304,1,,132.9793,137.6935
000610,000610_001778_71_195_002_FF_833,1778_1,R,83.3000,88.4520,1.8034,0.9000,0.7333,101.8382,0.8639,101.7276,0.8528,1362.1352,179.6272,106.8365,1412.8305,1423.9017,260.5471,190.8685,58.3290,339.2532,185.7673,35.6403,368.2360,0.1586,15,,103.2092,109.6567
000610,000610_001778_71_195_010_FF_834,1778_2,R,83.4000,88.4520,1.8034,0.8750,0.7000,101.8346,0.8389,102.6510,0.8278,1435.4563,179.2756,107.3934,1490.1105,1491.0760,266.7085,191.2454,56.7042,360.6160,193.2724,44.7005,385.9758,0.1665,16,,102.3888,109.0023
000782,000782_003250_74_184_001_FF_900,3250_1,R,90.0000,83.4624,1.8796,1.4944,1.3167,101.6408,1.4528,94.9606,1.4444,1314.4133,193.0073,95.5843,1393.7781,1367.4575,258.5607,88.3420,29.3553,358.6969,206.0062,69.0960,382.1906,0.2347,33,,106.6203,107.0482
000782,000782_003250_74_184_002_FF_904,3250_2,R,90.4000,83.4624,1.8796,1.3278,1.1611,102.2780,1.2889,97.7784,1.2806,1253.2500,186.1376,98.4019,1338.1958,1356.4864,265.7638,84.5226,3.5548,367.5208,201.2462,53.5461,402.3568,0.2433,13,,105.8639,106.4635
000782,000782_003250_74_184_004_FF_895,3250_3,R,89.5000,83.4624,1.8796,1.5000,1.3167,99.0219,1.4583,93.8490,1.4500,1287.4361,204.0118,94.8969,1362.8561,1357.2840,263.7642,81.2050,7.6434,335.7933,208.5402,102.5255,373.1303,0.2760,12,,103.4759,104.5173
000782,000782_003250_74_184_006_FF_892,3250_4,R,89.2000,83.4624,1.8796,1.3722,1.1778,100.3804,1.3306,93.4989,1.3222,1309.7279,199.2858,94.3420,1388.9151,1377.4305,250.1089,158.6729,41.7377,348.5103,214.7078,61.6365,383.9646,0.2228,33,,103.9265,104.2242
000822,000822_002969_75_231_001_FF_904,2969_1,R,90.4000,104.7816,1.9050,1.8861,1.7111,153.5902,1.8583,123.0341,1.8556,1632.3011,251.8368,130.3592,1687.4166,1786.3206,238.6374,196.3323,58.3807,459.1241,198.2409,180.2167,360.1030,0.1775,194,,135.1088,144.5242
000822,000822_002969_75_231_005_FF_898,2969_2,R,89.8000,104.7816,1.9050,1.6194,1.4472,157.6467,1.5944,130.3629,1.5917,1604.2973,234.4850,133.9077,1682.9394,1790.8494,239.1227,197.8370,61.3192,460.8726,208.1197,174.6175,386.5754,0.1600,148,,134.3761,141.5806
000822,000822_002969_75_231_006_FF_886,2969_3,R,88.6000,104.7816,1.9050,1.5361,1.3611,153.7596,1.5139,128.4116,1.5083,1576.3836,219.0256,132.5115,1651.5249,1776.7990,241.6468,212.4709,66.1709,457.1951,198.7514,186.9708,372.4610,0.1964,158,,134.2031,141.8598
000905,000905_001370_75_230_001_FF_878,1370_1,R,87.8000,104.3280,1.9050,0.9694,0.1750,173.6519,0.9444,152.5638,0.9417,1489.9145,247.1770,163.9862,1594.4115,1692.9036,298.0991,112.5905,6.5731,1577.8423,1712.0178,1645.1283,1786.8151,0.6975,606,closure;plates,145.3004,143.4115
000905,000905_001370_75_230_004_FF_869,1370_2,R,86.9000,104.3280,1.9050,0.9472,0.7556,171.2370,0.9222,149.6207,0.9167,1472.2924,251.4677,161.1516,1567.1002,1662.4974,316.1414,153.3698,45.4779,313.1597,255.8754,214.5376,398.9573,0.2413,16,,143.3530,141.5945
000905,000905_001370_75_230_006_FF_869,1370_3,R,86.9000,104.3280,1.9050,1.3417,1.1778,169.9220,1.3167,149.3767,1.3139,1453.0222,244.0456,158.6459,1552.5875,1687.6323,278.1548,165.7387,68.3634,304.1687,232.7404,203.1932,420.7826,0.2312,39,,142.7132,140.8044
000906,000906_001371_71_219_003_FF_874,1371_2,L,87.4000,99.3384,1.8034,0.7444,0.5444,100.2163,0.7139,96.4186,0.7000,1436.1792,184.0532,102.2859,1470.8653,1561.4218,285.2636,251.9436,125.8878,397.6261,343.2362,168.1954,396.6183,0.1899,12,,98.9589,106.9793
000906,000906_001371_71_219_011_FF_878,1371_3,L,87.8000,99.3384,1.8034,0.7528,0.5583,95.9517,0.7167,94.1893,0.7083,1433.2873,193.0044,98.3608,1468.9882,1555.4128,283.6149,243.7256,114.3202,386.8956,356.1769,180.8048,372.1235,0.1761,12,,96.3547,103.0003
000919,000919_001393_66_196_001_FF_713,1393_1,L,71.3000,88.9056,1.6764,0.9694,0.8000,90.7474,0.9472,87.2797,0.9194,983.6228,140.4923,88.3775,1059.6719,1114.8483,204.8599,174.0580,77.0306,266.7451,161.0701,87.1762,287.0230,0.2069,10,,88.2882,98.4841
000919,000919_001393_66_196_002_FF_699,1393_2,L,69.9000,88.9056,1.6764,1.0444,0.8694,89.5951,1.0222,85.9096,0.9889,970.5546,133.3950,87.3306,1039.5443,1104.4437,203.5558,170.4821,77.2674,218.0901,166.3560,95.2856,248.5234,0.2266,10,,85.0474,94.8205
000919,000919_001393_66_196_003_FF_695,1393_3,L,69.5000,88.9056,1.6764,1.0333,0.8694,86.2134,1.0056,85.9429,0.9833,998.6599,128.6170,86.7506,1057.5265,1113.6498,209.4712,173.7601,64.9879,249.6220,141.0928,73.4979,256.4904,0.2059,10,,82.2816,91.9207
000949,000949_001561_76_261_003_FF_860,1561_1,R,86.0000,118.3896,1.9304,1.6361,1.4556,124.6549,1.6139,110.5812,1.5917,1428.3907,273.6748,130.8614,1510.9706,1618.6073,321.3381,199.4264,65.0984,568.4996,252.9976,112.6336,591.7476,0.1500,20,,108.9411,115.1364
000949,000949_001561_76_261_004_FF_846,1561_2,R,84.6000,118.3896,1.9304,1.5139,1.3194,123.0002,1.4944,107.1728,1.4694,1357.0861,271.5474,126.7300,1428.2224,1566.8494,347.9873,212.7572,68.3912,543.6408,252.9618,99.7461,611.3735,0.1491,24,,106.3123,111.5674
000949,000949_001561_76_261_005_FF_860,1561_3,R,86.0000,118.3896,1.9304,1.7806,1.5944,127.3846,1.7611,111.6601,1.7361,1422.0376,293.0525,137.8060,1501.0768,1630.5033,337.5432,211.6747,68.6964,572.1519,242.5627,125.0437,608.0185,0.1770,20,,108.3464,114.5873
000964,000964_003037_74_208_003_FF_895,3037_1,R,89.5000,94.3488,1.8796,1.7278,1.5722,114.9086,1.7056,103.8420,1.6917,1226.0746,201.7946,104.5326,1283.1155,1473.4565,243.2559,194.0820,98.9772,320.1328,219.3404,177.1577,309.4230,0.2167,42,,114.4928,115.8340
000964,000964_003037_74_208_004_FF_887,3037_2,R,88.7000,94.3488,1.8796,2.5917,2.4361,118.1041,2.5694,102.1709,2.5556,1274.5929,218.0376,103.9027,1332.1328,1478.1939,242.3506,188.5380,87.9094,324.4253,207.1303,192.4051,322.7258,0.3219,14,,114.2483,115.5900
000964,000964_003037_74_208_006_FF_889,3037_3,R,88.9000,94.3488,1.8796,1.5111,1.3472,115.0284,1.4861,105.7778,1.4750,1217.7898,211.5902,107.4319,1287.6772,1470.5468,244.4924,176.4192,102.3303,305.8440,216.0620,186.9518,312.6073,0.1781,85,,113.8519,116.3554
000964,000964_003037_74_208_008_FF_888,3037_4,R,88.8000,94.3488,1.8796,1.8000,1.6667,115.4027,1.7750,103.3429,1.7611,1280.2483,213.0767,104.5158,1340.1502,1500.4694,271.8447,163.1508,63.1468,316.3151,219.3119,115.5885,377.0544,0.2373,97,,111.2383,112.9853
000964,000964_003037_74_208_009_FF_886,3037_5,R,88.6000,94.3488,1.8796,1.8083,1.6694,120.1667,1.7889,102.5606,1.7750,1194.3722,226.7130,103.5302,1271.7829,1483.4498,277.9294,175.0837,70.6203,375.6453,209.3006,152.5501,415.7178,0.2003,188,,115.3763,116.8699
001000,001000_001718_75_215_004_FF_912,1718_1,L,91.2000,97.5240,1.9050,1.5167,1.3750,162.3900,1.4917,143.6164,1.4889,1313.1210,194.8112,145.8316,1372.8496,1485.7585,327.2587,295.0118,104.2758,283.0559,196.2276,83.6298,336.5334,0.1669,12,,137.8909,135.5394
001000,001000_001718_75_215_006_FF_908,1718_2,L,90.8000,97.5240,1.9050,1.6028,1.4472,156.0609,1.5778,137.9123,1.5722,1307.3209,177.7202,139.8271,1366.0904,1474.9103,333.5660,299.8617,105.9397,332.5780,242.0681,126.7188,329.8160,0.2078,15,,135.7615,135.1132
001000,001000_001718_75_215_007_FF_908,1718_3,L,90.8000,97.5240,1.9050,1.4806,1.3361,158.6853,1.4556,142.1216,1.4500,1295.4269,196.9484,143.3698,1352.1661,1477.5299,309.3480,294.5688,98.4931,293.0113,209.0905,85.9314,320.0178,0.1889,16,,138.4635,137.4771
001003,001003_001729_79_233_002_FF_906,1729_1,R,90.6000,105.6888,2.0066,2.1139,1.9333,121.4317,2.0750,119.7498,2.0667,1259.7311,250.0060,122.3886,1315.2955,1479.7430,268.7192,242.3716,71.1765,355.1353,218.3375,68.5547,467.6698,0.1987,10,,121.3403,127.9654
001003,001003_001729_79_233_004_FF_905,1729_2,R,90.5000,105.6888,2.0066,1.9667,1.7889,122.1843,1.9278,117.8878,1.9194,1247.8373,256.6536,122.0128,1293.8732,1448.1604,260.1835,239.1992,72.4896,335.3169,218.0093,100.5707,488.0177,0.1678,11,,120.4391,126.7422
001003,001003_001729_79_233_006_FF_904,1729_3,R,90.4000,105.6888,2.0066,2.0972,1.9194,125.3103,2.0556,125.3735,2.0500,1318.4244,279.5334,128.5070,1346.4997,1505.5975,247.2390,228.0836,64.3375,355.3175,198.4650,77.9516,447.2346,0.1737,9,,119.7802,127.2500
001633,001633_002891_74_251_009_FF_873,2891_1,R,87.3000,113.8536,1.8796,1.6694,1.4833,124.1919,1.6194,119.9210,1.6194,1823.9663,268.7677,119.9288,1904.7033,1776.6872,420.0415,208.8684,98.1576,369.6405,274.1513,66.3230,561.1885,0.3121,22,,145.2012,151.2273
001633,001633_002891_74_251_010_FF_872,2891_2,R,87.2000,113.8536,1.8796,1.6250,1.4250,117.9294,1.5778,113.9306,1.5750,1785.5396,307.1182,114.0030,1858.6372,1741.1054,401.0381,220.4272,129.4139,362.2879,243.5947,61.3445,509.7741,0.2873,17,,161.6363,168.4861
001633,001633_002891_74_251_011_FF_869,2891_3,R,86.9000,113.8536,1.8796,1.5111,1.3028,116.1400,1.4667,109.6464,1.4667,1753.3252,271.8722,109.7264,1825.2881,1733.0554,438.2628,208.0428,140.8032,367.5497,276.4021,67.0786,484.1485,0.2780,15,,134.1206,137.7301
001633,001633_002891_74_251_012_FF_879,2891_4,R,87.9000,113.8536,1.8796,1.6639,1.4667,129.0461,1.6194,122.9840,1.6194,1791.4696,293.0663,123.0330,1858.5044,1755.2643,347.9299,218.1318,110.6578,366.8057,274.8058,71.5387,489.7676,0.2529,46,,127.1321,133.5403
001633,001633_002891_74_251_013_FF_879,2891_5,R,87.9000,113.8536,1.8796,1.4944,1.2889,120.8938,1.4444,116.0260,1.4444,1781.7492,273.2899,116.1371,1875.4887,1773.7409,448.9314,233.8050,132.6867,463.8310,321.8745,83.4097,493.5017,0.2828,29,,136.2576,140.1286
001706,001706_003228_73_207_002_FF_906,3228_1,R,90.6000,93.8952,1.8542,1.5722,1.3639,127.4499,1.5444,115.5673,1.5333,1367.5451,210.8355,118.6762,1434.7140,1587.6772,260.5337,161.3684,73.4134,422.2470,240.9261,179.9870,433.0871,0.1655,21,,121.4164,122.0950
001706,001706_003228_73_207_003_FF_911,3228_2,R,91.1000,93.8952,1.8542,1.4528,1.2722,126.8688,1.4222,116.5768,1.4167,1354.4397,198.9240,119.4128,1412.5177,1576.3077,263.9929,165.0195,73.8368,423.6550,242.4371,180.9111,417.0318,0.1573,21,,123.2830,123.8884
001706,001706_003228_73_207_004_FF_920,3228_3,R,92.0000,93.8952,1.8542,1.5972,1.4194,126.2138,1.5694,113.4684,1.5583,1349.3347,205.6017,119.4664,1408.0396,1548.1010,290.3310,166.3406,75.6623,431.7986,240.0397,185.2009,482.2918,0.1733,22,,121.2890,121.5582
001706,001706_003228_73_207_006_FF_906,3228_4,R,90.6000,93.8952,1.8542,1.7361,1.5694,127.4892,1.7111,112.6347,1.6972,1307.0727,202.6196,115.7006,1371.5294,1532.8709,250.3389,168.0821,77.0613,424.9972,212.3417,173.2698,415.4347,0.1691,99,,119.2842,119.5653
001706,001706_003228_73_207_007_FF_908,3228_5,R,90.8000,93.8952,1.8542,1.8917,1.6972,124.9333,1.8694,112.0598,1.8528,1387.6038,215.7119,115.8486,1457.1212,1589.3655,245.6690,172.6607,79.4835,380.6386,235.3599,179.4938,364.7445,0.1652,24,,119.6214,120.3966
